{
  "name": "panzoom",
  "title": "jQuery Panzoom",
  "description": "Add CSS3 dragging and/or zooming functionality to any element",
  "keywords": [
    "dragging",
    "drag",
    "pan",
    "zoom",
    "panzoom"
  ],
  "version": "1.6.5",
  "author": {
    "name": "Timmy Willison",
    "email": "timmywillisn@gmail.com",
    "url": "http://timmywillison.com"
  },
  "licenses": [
    {
      "type": "MIT",
      "url": "https://github.com/timmywil/jquery.panzoom/blob/master/MIT-License.txt"
    }
  ],
  "bugs": "https://github.com/timmywil/jquery.panzoom/issues",
  "homepage": "http://timmywil.github.io/jquery.panzoom/",
  "docs": "https://github.com/timmywil/jquery.panzoom/blob/master/README.md",
  "download": "https://github.com/timmywil/jquery.panzoom/tags",
  "dependencies": {
    "jquery": ">=1.9.0"
  }
}